chapter,topic,output_file,script,flags,input,notes
biochemistry,topic01,bbq-which_macromolecule-questions.txt,{bp_root}/biochemistry-problems/PUBCHEM/which_macromolecule.py,,,
biochemistry,topic01,bbq-which_hydrophobic-simple-questions.txt,{bp_root}/biochemistry-problems/which_hydrophobic-simple.py,,,
biochemistry,topic01,bbq-MC-macromolecules-questions.txt,YMWOMC,,macromolecules.yml,
biochemistry,topic02,bbq-optimal_buffering_range-questions.txt,{bp_root}/biochemistry-problems/buffers/optimal_buffering_range.py,,,
biochemistry,topic02,bbq-pKa_buffer_state-2_protons-questions.txt,{bp_root}/biochemistry-problems/buffers/pKa_buffer_state.py,--protons 2,,
biochemistry,topic02,bbq-pKa_buffer_state-3_protons-questions.txt,{bp_root}/biochemistry-problems/buffers/pKa_buffer_state.py,--protons 3,,
biochemistry,topic02,bbq-pKa_buffer_state-4_protons-questions.txt,{bp_root}/biochemistry-problems/buffers/pKa_buffer_state.py,--protons 4,,
biochemistry,topic02,bbq-Henderson-Hasselbalch-equation-questions.txt,{bp_root}/biochemistry-problems/Henderson-Hasselbalch.py,--equation,,
biochemistry,topic02,bbq-Henderson-Hasselbalch-pH_mc-questions.txt,{bp_root}/biochemistry-problems/Henderson-Hasselbalch.py,--mc --pH,,
biochemistry,topic02,bbq-Henderson-Hasselbalch-pH_num-questions.txt,{bp_root}/biochemistry-problems/Henderson-Hasselbalch.py,--num --pH,,
biochemistry,topic02,bbq-Henderson-Hasselbalch-pKa_mc-questions.txt,{bp_root}/biochemistry-problems/Henderson-Hasselbalch.py,--mc --pKa,,
biochemistry,topic02,bbq-Henderson-Hasselbalch-pKa_num-questions.txt,{bp_root}/biochemistry-problems/Henderson-Hasselbalch.py,--num --pKa,,
biochemistry,topic02,bbq-Henderson-Hasselbalch-ratio_mc-questions.txt,{bp_root}/biochemistry-problems/Henderson-Hasselbalch.py,--mc --ratio,,
biochemistry,topic02,bbq-Henderson-Hasselbalch-ratio_num-questions.txt,{bp_root}/biochemistry-problems/Henderson-Hasselbalch.py,--num --ratio,,
biochemistry,topic03,bbq-polypeptide_mc_sequence-2_amino_acids-questions.txt,{bp_root}/biochemistry-problems/PUBCHEM/polypeptide_mc_sequence.py,--easy,,
biochemistry,topic03,bbq-polypeptide_mc_sequence-3_amino_acids-questions.txt,{bp_root}/biochemistry-problems/PUBCHEM/polypeptide_mc_sequence.py,--medium,,
biochemistry,topic03,bbq-polypeptide_mc_sequence-4_amino_acids-questions.txt,{bp_root}/biochemistry-problems/PUBCHEM/polypeptide_mc_sequence.py,--rigorous,,
biochemistry,topic03,bbq-which_amino_acid-FIB-questions.txt,{bp_root}/biochemistry-problems/PUBCHEM/which_amino_acid.py,--mc,,
biochemistry,topic03,bbq-which_amino_acid-MC-7_choices-questions.txt,{bp_root}/biochemistry-problems/PUBCHEM/which_amino_acid.py,--fib,,
biochemistry,topic03,bbq-MC-amino_acids-questions.txt,YMWOMC,,amino_acids.yml,
biochemistry,topic04,bbq-alpha_helix_h-bonds-MC-questions.txt,{bp_root}/biochemistry-problems/alpha_helix_h-bonds.py,--mc,,
biochemistry,topic04,bbq-alpha_helix_h-bonds-MC-questions.txt,{bp_root}/biochemistry-problems/alpha_helix_h-bonds.py,--ma,,
biochemistry,topic04,bbq-ionic_bond_amino_acids-questions.txt,{bp_root}/biochemistry-problems/ionic_bond_amino_acids.py,,,
biochemistry,topic04,bbq-MC-levels_of_protein_structure-questions.txt,YMWOMC,,levels_of_protein_structure.yml,
biochemistry,topic05,bbq-isoelectric_one_protein-questions.txt,{bp_root}/biochemistry-problems/isoelectric_one_protein.py,,,
biochemistry,topic05,bbq-isoelectric_two_proteins-questions.txt,{bp_root}/biochemistry-problems/isoelectric_two_proteins.py,,,
biochemistry,topic05,bbq-protein_gel_migration-questions.txt,{bp_root}/biochemistry-problems/protein_gel_migration.py,--mc,,
biochemistry,topic05,bbq-protein_gel_migration-questions.txt,{bp_root}/biochemistry-problems/protein_gel_migration.py,--num,,
biochemistry,topic05,bbq-MC-cell_disruption-questions.txt,YMWOMC,,cell_disruption.yml,
biochemistry,topic05,bbq-MC-chromatography-questions.txt,YMWOMC,,chromatography.yml,
biochemistry,topic05,bbq-MC-protein_v_dna_gels-questions.txt,YMWOMC,,protein_v_dna_gels.yml,
biochemistry,topic06,bbq-TF-chemical_reactions-questions.txt,YMCS,,chemical_reactions.yml,
biochemistry,topic06,bbq-TF-gibbs_free_energy_equation-questions.txt,YMCS,,gibbs_free_energy_equation.yml,
biochemistry,topic06,bbq-TF-thermodynamics-questions.txt,YMCS,,thermodynamics.yml,
biochemistry,topic06,bbq-MC-energy_terms-questions.txt,YMWOMC,,energy_terms.yml,
biochemistry,topic07,bbq-BCHM355-metabolic_pathway_inhibitor-questions.txt,{bp_root}/biochemistry-problems/metabolic_pathway_inhibitor.py,--biol301,,
biochemistry,topic07,bbq-BCHM355-metabolic_pathway_inhibitor-questions.txt,{bp_root}/biochemistry-problems/metabolic_pathway_inhibitor.py,--bchm355,,
biochemistry,topic07,bbq-michaelis_menten_table-inhibition-questions.txt,{bp_root}/biochemistry-problems/michaelis_menten_table-inhibition.py,,,
biochemistry,topic07,bbq-michaelis_menten_table-Km-questions.txt,{bp_root}/biochemistry-problems/michaelis_menten_table-Km.py,,,
biochemistry,topic07,bbq-TF-enzyme_equilibrium-questions.txt,YMCS,,enzyme_equilibrium.yml,
biochemistry,topic07,bbq-TF-m-m_kinetics-questions.txt,YMCS,,m-m_kinetics.yml,
biochemistry,topic07,bbq-enzyme_cofactors-questions.txt,YMCS,,enzyme_cofactors.yml,
biochemistry,topic07,bbq-which_enzyme-questions.txt,YMCS,,which_enzyme.yml,
biochemistry,topic07,bbq-MC-enzyme_terminology-questions.txt,YMWOMC,,enzyme_terminology.yml,
biochemistry,topic08,bbq-metabolic_pathway_allosteric-questions.txt,{bp_root}/biochemistry-problems/metabolic_pathway_allosteric.py,,,
biochemistry,topic09,bbq-classify_Fischer-MA-with_hint-questions.txt,{bp_root}/biochemistry-problems/carbohydrates_classification/classify_Fischer.py,,,
biochemistry,topic09,bbq-classify_Haworth-MA-with_hint-FURAN-questions.txt,{bp_root}/biochemistry-problems/carbohydrates_classification/classify_Haworth.py,--furan,,
biochemistry,topic09,bbq-classify_Haworth-MA-with_hint-PYRAN-questions.txt,{bp_root}/biochemistry-problems/carbohydrates_classification/classify_Haworth.py,--pyran,,
biochemistry,topic09,bbq-D_to_L_Fischer_configuration-questions.txt,{bp_root}/biochemistry-problems/carbohydrates_classification/D_to_L_Fischer_configuration.py,,,
biochemistry,topic09,bbq-D_to_L_Haworth_configuration-questions.txt,{bp_root}/biochemistry-problems/carbohydrates_classification/D_to_L_Haworth_configuration.py,,,
biochemistry,topic09,bbq-MATCH-polysaccharides-questions.txt,YMMS,,polysaccharides.yml,
biochemistry,topic09,bbq-MC-polysaccharides-questions.txt,YMWOMC,,polysaccharides.yml,
biochemistry,topic09,bbq-convert_Haworth_to_Fischer-MC-with_hint-FURAN-5_choices-questions.txt,{bp_root}/biochemistry-problems/carbohydrates_classification/convert_Haworth_to_Fischer.py,--furan,,script not found
biochemistry,topic09,bbq-convert_Haworth_to_Fischer-MC-with_hint-PYRAN-5_choices-questions.txt,{bp_root}/biochemistry-problems/carbohydrates_classification/convert_Haworth_to_Fischer.py,--pyran,,
biochemistry,topic09,bbq-convert_Fischer_to_Haworth-MC-with_hint-FURAN-5_choices-questions.txt,{bp_root}/biochemistry-problems/carbohydrates_classification/convert_Fischer_to_Haworth.py,--furan,,script not found
biochemistry,topic09,bbq-convert_Fischer_to_Haworth-MC-with_hint-PYRAN-5_choices-questions.txt,{bp_root}/biochemistry-problems/carbohydrates_classification/convert_Fischer_to_Haworth.py,--pyran,,
genetics,topic01,bbq-beadle_tatum-metabolic_pathway-5_metabolites-questions.txt,{bp_root}/molecular_biology-problems/beadle_tatum-metabolic_pathway.py,,,
genetics,topic01,bbq-MATCH-genetic_disorders-questions.txt,YMMS,,genetic_disorders.yml,
genetics,topic01,bbq-MATCH-genetics_terminology-questions.txt,YMMS,,genetics_terminology.yml,
genetics,topic01,bbq-MC-genetic_disorders-questions.txt,YMWOMC,,genetic_disorders.yml,
genetics,topic01,bbq-MC-genetics_terminology-questions.txt,YMWOMC,,genetics_terminology.yml,
genetics,topic02,bbq-chargaff_dna_percent-5_choices-questions.txt,{bp_root}/molecular_biology-problems/chargaff_dna_percent.py,-c 5,,
genetics,topic02,bbq-complementary_sequences-mc-directionless-questions.txt,{bp_root}/molecular_biology-problems/complementary_sequences.py,--mc --directionless,,
genetics,topic02,bbq-complementary_sequences-mc-prime-questions.txt,{bp_root}/molecular_biology-problems/complementary_sequences.py,--mc --prime,,
genetics,topic02,bbq-TFMS-dna_structure-biol_351-questions.txt,YMCS,,dna_structure-biol_351.yml,
genetics,topic02,bbq-TFMS-nucleotide_components-questions.txt,YMCS,,nucleotide_components.yml,
genetics,topic03,bbq-blood_type_agglutination_test-questions.txt,{bp_root}/dna_profiling-problems/blood_type_agglutination_test.py,,,
genetics,topic03,bbq-hla_genotype-2_markers-black-questions.txt,{bp_root}/dna_profiling-problems/hla_genotype.py,-n 2 --bw,,
genetics,topic03,bbq-hla_genotype-3_markers-color-questions.txt,{bp_root}/dna_profiling-problems/hla_genotype.py,-n 3 --color,,
genetics,topic03,bbq-who_father_html-EASY-3_males-questions.txt,{bp_root}/dna_profiling-problems/who_father_html.py,--easy -c 3,,
genetics,topic03,bbq-who_father_html-HARD-9_males-questions.txt,{bp_root}/dna_profiling-problems/who_father_html.py,--hard -c 9,,
genetics,topic03,bbq-who_father_html-MEDIUM-5_males-questions.txt,{bp_root}/dna_profiling-problems/who_father_html.py,--medium -c 5,,
genetics,topic03,bbq-who_killer_html-EASY-4_suspects-questions.txt,{bp_root}/dna_profiling-problems/who_killer_html.py,--easy -c 4,,
genetics,topic03,bbq-who_killer_html-HARD-9_suspects-questions.txt,{bp_root}/dna_profiling-problems/who_killer_html.py,--hard -c 9,,
genetics,topic03,bbq-who_killer_html-MEDIUM-5_suspects-questions.txt,{bp_root}/dna_profiling-problems/who_killer_html.py,--medium -c 5,,
genetics,topic03,bbq-linear_digest-length_10-sites_3-strand-questions.txt,{bp_root}/molecular_biology-problems/linear_digest.py,-n 10 -s 3 --strand,,
genetics,topic03,bbq-linear_digest-length_13-sites_3-fragment-questions.txt,{bp_root}/molecular_biology-problems/linear_digest.py,-n 13 -s 3 --fragment,,
genetics,topic03,bbq-linear_digest-length_16-sites_4-strand-questions.txt,{bp_root}/molecular_biology-problems/linear_digest.py,-n 16 -s 4 --strand,,
genetics,topic03,bbq-linear_digest-length_8-sites_2-fragment-questions.txt,{bp_root}/molecular_biology-problems/linear_digest.py,-n 8 -s 2 --fragment,,
genetics,topic03,bbq-overhang_sequence-MC-6_choices-questions.txt,{bp_root}/molecular_biology-problems/overhang_sequence.py,--mc -c 6,,
genetics,topic03,bbq-overhang_type-end_type-questions.txt,{bp_root}/molecular_biology-problems/overhang_type.py,--end-type,,
genetics,topic03,bbq-overhang_type-overhang_type-questions.txt,{bp_root}/molecular_biology-problems/overhang_type.py,--overhang-type,,
genetics,topic03,bbq-palindrome_sequence_match-questions.txt,{bp_root}/molecular_biology-problems/palindrome_sequence_match.py,,,
genetics,topic03,bbq-TFMS-english_palindromes-questions.txt,YMCS,,english_palindromes.yml,
genetics,topic04,bbq-monohybrid_genotype_statements-questions.txt,{bp_root}/inheritance-problems/monohybrid_genotype_statements.py,,,
genetics,topic04,bbq-punnett_choice-questions.txt,{bp_root}/inheritance-problems/punnett_choice.py,,,
genetics,topic04,bbq-MATCH-mendel_cross_terminology-questions.txt,YMMS,,mendel_cross_terminology.yml,
genetics,topic04,bbq-MATCH-mendel_four_principles-questions.txt,YMMS,,mendel_four_principles.yml,
genetics,topic04,bbq-MATCH-mendelian_genetics_terms-questions.txt,YMMS,,mendelian_genetics_terms.yml,
genetics,topic04,bbq-MATCH-monohybrid_cross_genotype-questions.txt,YMMS,,monohybrid_cross_genotype.yml,
genetics,topic04,bbq-MC-mendel_cross_terminology-questions.txt,YMWOMC,,mendel_cross_terminology.yml,
genetics,topic04,bbq-MC-mendel_four_principles-questions.txt,YMWOMC,,mendel_four_principles.yml,
genetics,topic04,bbq-MC-mendelian_genetics_terms-questions.txt,YMWOMC,,mendelian_genetics_terms.yml,
genetics,topic04,bbq-MC-monohybrid_cross_genotype-questions.txt,YMWOMC,,monohybrid_cross_genotype.yml,
genetics,topic05,bbq-blood_type_mother-questions.txt,{bp_root}/inheritance-problems/blood_type_mother.py,,,
genetics,topic05,bbq-blood_type_offspring-questions.txt,{bp_root}/inheritance-problems/blood_type_offspring.py,,,
genetics,topic05,bbq-dihybrid_cross_epistatic_gene_interactions-4_choices-questions.txt,{bp_root}/inheritance-problems/dihybrid_cross_epistatic_gene_interactions.py,-c 4,,
genetics,topic05,bbq-dihybrid_cross_epistatic_gene_metabolics-4_choices-questions.txt,{bp_root}/inheritance-problems/dihybrid_cross_epistatic_gene_metabolics.py,-c 4,,
genetics,topic05,bbq-epistasis_test_cross-forward_direction-4_choices-questions.txt,{bp_root}/inheritance-problems/epistasis_test_cross.py,--forward -c 4,,
genetics,topic05,bbq-epistasis_test_cross-inverse_direction-4_choices-questions.txt,{bp_root}/inheritance-problems/epistasis_test_cross.py,--inverse -c 4,,
genetics,topic05,bbq-monohybrid_degrees_of_dominance-questions.txt,{bp_root}/inheritance-problems/monohybrid_degrees_of_dominance.py,,,
genetics,topic05,bbq-monohybrid_genotype_statements-questions.txt,{bp_root}/inheritance-problems/monohybrid_genotype_statements.py,,,
genetics,topic05,bbq-unique_cross_genotypes-with_hint-6_genes-questions.txt,{bp_root}/inheritance-problems/unique_cross_genotypes.py,--with-hint -n 6,,
genetics,topic05,bbq-unique_cross_phenotypes-with_hint-6_genes-questions.txt,{bp_root}/inheritance-problems/unique_cross_phenotypes.py,--with-hint -n 6,,
genetics,topic05,bbq-unique_gametes-with_hint-7_genes-questions.txt,{bp_root}/inheritance-problems/unique_gametes.py,--with-hint -n 7,,
genetics,topic05,bbq-MATCH-monohybrid_cross_genotype-questions.txt,YMMS,,monohybrid_cross_genotype.yml,
genetics,topic05,bbq-MC-monohybrid_cross_genotype-questions.txt,YMWOMC,,monohybrid_cross_genotype.yml,
genetics,topic06,bbq-dominant_and_X-linked_recessive-questions.txt,{bp_root}/inheritance-problems/dominant_and_X-linked_recessive.py,,,
genetics,topic06,bbq-poisson_flies-questions.txt,{bp_root}/inheritance-problems/poisson_flies.py,,,
genetics,topic06,bbq-probabiliy_of_progeny-questions.txt,{bp_root}/inheritance-problems/probabiliy_of_progeny.py,,,
genetics,topic06,bbq-TFMS-mitosis_and_meiosis-questions.txt,YMCS,,mitosis_and_meiosis.yml,
genetics,topic06,bbq-MATCH-meiosis_prophase_1-questions.txt,YMMS,,meiosis_prophase_1.yml,
genetics,topic06,bbq-MATCH-meiosis_terms-questions.txt,YMMS,,meiosis_terms.yml,
genetics,topic06,bbq-MATCH-sex_determination-questions.txt,YMMS,,sex_determination.yml,
genetics,topic06,bbq-MC-meiosis_prophase_1-questions.txt,YMWOMC,,meiosis_prophase_1.yml,
genetics,topic06,bbq-MC-meiosis_terms-questions.txt,YMWOMC,,meiosis_terms.yml,
genetics,topic06,bbq-MC-sex_determination-questions.txt,YMWOMC,,sex_determination.yml,
genetics,topic06,bbq-pedigree_choice-questions.txt,,,,script not found
genetics,topic06,bbq-pedigree_match-questions.txt,,,,script not found
genetics,topic07,bbq-chi_square_choices-questions.txt,{bp_root}/inheritance-problems/chisquare/chi_square_choices.py,,,
genetics,topic07,bbq-chi_square_errors-questions.txt,{bp_root}/inheritance-problems/chisquare/chi_square_errors.py,,,
genetics,topic07,bbq-TFMS-chi-square-questions.txt,YMCS,,chi-square.yml,
genetics,topic07,bbq-MATCH-chi-square_terms-questions.txt,YMMS,,chi-square_terms.yml,
genetics,topic07,bbq-MC-chi-square_terms-questions.txt,YMWOMC,,chi-square_terms.yml,
genetics,topic08,bbq-tetrad_ordered-centromere_distance-MC-questions.txt,{bp_root}/inheritance-problems/genemapping/tetrad_ordered-centromere_distance.py,--mc,,
genetics,topic08,bbq-tetrad_unordered_three_gene-find_one_distance-MC-questions.txt,{bp_root}/inheritance-problems/genemapping/tetrad_unordered_three_gene-find_one_distance.py,--mc,,
genetics,topic08,bbq-tetrad_unordered_two_gene-find_distance-MC-questions.txt,{bp_root}/inheritance-problems/genemapping/tetrad_unordered_two_gene-find_distance.py,--mc,,
genetics,topic08,bbq-tetrad_unordered_two_gene-test_linkage-questions.txt,{bp_root}/inheritance-problems/genemapping/tetrad_unordered_two_gene-test_linkage.py,,,
genetics,topic08,bbq-three-point_test_cross-find_interence-MC-questions.txt,{bp_root}/inheritance-problems/genemapping/three-point_test_cross-find_interence.py,--mc,,
genetics,topic08,bbq-three-point_test_cross-one_gene_distance-MC-questions.txt,{bp_root}/inheritance-problems/genemapping/three-point_test_cross-one_gene_distance.py,--mc,,
genetics,topic08,bbq-three-point_test_cross-which_genotypes-DOUBLE-questions.txt,{bp_root}/inheritance-problems/genemapping/three-point_test_cross-which_genotypes.py,--double,,
genetics,topic08,bbq-three-point_test_cross-which_genotypes-GENES-questions.txt,{bp_root}/inheritance-problems/genemapping/three-point_test_cross-which_genotypes.py,--genes,,
genetics,topic08,bbq-three-point_test_cross-which_genotypes-PARENTAL-questions.txt,{bp_root}/inheritance-problems/genemapping/three-point_test_cross-which_genotypes.py,--parental,,
genetics,topic08,bbq-two-point_test_cross-cis-trans-questions.txt,{bp_root}/inheritance-problems/genemapping/two-point_test_cross-cis-trans.py,,,
genetics,topic08,bbq-two-point_test_cross-distance-MC-questions.txt,{bp_root}/inheritance-problems/genemapping/two-point_test_cross-distance.py,--mc,,
genetics,topic08,bbq-two-point_test_cross-which_genotypes-PARENTAL-questions.txt,{bp_root}/inheritance-problems/genemapping/two-point_test_cross-which_genotypes.py,--parental,,
genetics,topic08,bbq-two-point_test_cross-which_genotypes-RECOMBINANT-questions.txt,{bp_root}/inheritance-problems/genemapping/two-point_test_cross-which_genotypes.py,--recombinant,,
genetics,topic09,bbq-cytogenetic_notation-aneuploidy-questions.txt,{bp_root}/inheritance-problems/cytogenetic_notation-aneuploidy.py,,,
genetics,topic09,bbq-cytogenetic_notation-rearrangements-questions.txt,{bp_root}/inheritance-problems/cytogenetic_notation-rearrangements.py,,,
genetics,topic09,bbq-letter_translocation_problem_color-black-questions.txt,{bp_root}/inheritance-problems/letter_translocation_problem_color.py,--bw,,
genetics,topic09,bbq-letter_translocation_problem_color-questions.txt,{bp_root}/inheritance-problems/letter_translocation_problem_color.py,,,
genetics,topic09,bbq-polyploid-gametes-questions.txt,{bp_root}/inheritance-problems/polyploid-gametes.py,,,
genetics,topic09,bbq-polyploid-monoploid_v_haploid-questions.txt,{bp_root}/inheritance-problems/polyploid-monoploid_v_haploid.py,,,
genetics,topic09,bbq-robertsonian-questions.txt,{bp_root}/inheritance-problems/robertsonian.py,,,
genetics,topic09,bbq-translocation_meiosis_table-questions.txt,{bp_root}/inheritance-problems/translocation_meiosis_table.py,,,
genetics,topic09,bbq-MATCH-chromosome_shapes-questions.txt,YMMS,,chromosome_shapes.yml,
genetics,topic09,bbq-MC-chromosome_shapes-questions.txt,YMWOMC,,chromosome_shapes.yml,
genetics,topic09,bbq-deletion_mutants-04_genes-FREE-MC-questions.txt,,,,script not found
genetics,topic09,bbq-deletion_mutants-04_genes-TABLE-MC-questions.txt,,,,script not found
genetics,topic09,bbq-deletion_mutants-06_genes-TABLE-MC-questions.txt,,,,script not found
genetics,topic09,bbq-deletion_mutants-08_genes-TABLE-MC-questions.txt,,,,script not found
genetics,topic09,bbq-deletion_mutants-16_genes-TABLE-MC-questions.txt,,,,script not found
genetics,topic10,bbq-hardy_weinberg_mc_type-questions.txt,{bp_root}/inheritance-problems/hardy_weinberg_mc_type.py,,,
genetics,topic10,bbq-TFMS-h-w_non-evolve_criteria-questions.txt,YMCS,,h-w_non-evolve_criteria.yml,
genetics,topic11,bbq-gene_tree_choice_plus-TABLE_mode-LEVEL_1-questions.txt,{bp_root}/inheritance-problems/genetrees/gene_tree_choice_plus.py,--level 1,,
genetics,topic11,bbq-gene_tree_choice_plus-TABLE_mode-LEVEL_2-questions.txt,{bp_root}/inheritance-problems/genetrees/gene_tree_choice_plus.py,--level 2,,
genetics,topic11,bbq-gene_tree_choice_plus-TABLE_mode-LEVEL_3-questions.txt,{bp_root}/inheritance-problems/genetrees/gene_tree_choice_plus.py,--level 3,,
genetics,topic11,bbq-gene_tree_choice_plus-TABLE_mode-LEVEL_4-questions.txt,{bp_root}/inheritance-problems/genetrees/gene_tree_choice_plus.py,--level 4,,
genetics,topic11,bbq-gene_tree_choice_plus-TABLE_mode-LEVEL_5-questions.txt,{bp_root}/inheritance-problems/genetrees/gene_tree_choice_plus.py,--level 5,,
genetics,topic11,bbq-gene_tree_matches_plus-DIFFERENT_mode-EASY_level-questions.txt,{bp_root}/inheritance-problems/genetrees/gene_tree_matches_plus.py,--different --easy,,
genetics,topic11,bbq-gene_tree_matches_plus-DIFFERENT_mode-MEDIUM_level-questions.txt,{bp_root}/inheritance-problems/genetrees/gene_tree_matches_plus.py,--different --medium,,
genetics,topic11,bbq-gene_tree_matches_plus-DIFFERENT_mode-RIGOROUS_level-questions.txt,{bp_root}/inheritance-problems/genetrees/gene_tree_matches_plus.py,--different --rigorous,,
genetics,topic11,bbq-gene_tree_matches_plus-SAME_mode-EASY_level-questions.txt,{bp_root}/inheritance-problems/genetrees/gene_tree_matches_plus.py,--same --easy,,
genetics,topic11,bbq-gene_tree_matches_plus-SAME_mode-MEDIUM_level-questions.txt,{bp_root}/inheritance-problems/genetrees/gene_tree_matches_plus.py,--same --medium,,
genetics,topic11,bbq-gene_tree_matches_plus-SAME_mode-RIGOROUS_level-questions.txt,{bp_root}/inheritance-problems/genetrees/gene_tree_matches_plus.py,--same --rigorous,,
molecular_biology,topic01,bbq-beadle_tatum-metabolic_pathway-5_metabolites-questions.txt,{bp_root}/molecular_biology-problems/beadle_tatum-metabolic_pathway.py,,,
